name,sector,report_date,revenue,net_income
NaN,Consumer Cyclical,2025-12-31,"716,924,000,000","77,670,000,000"
NaN,Consumer Defensive,2026-01-31,"713,163,000,000","21,893,000,000"
NaN,Healthcare,2025-12-31,"447,567,000,000","12,056,000,000"
NaN,Technology,2025-09-30,"416,161,000,000","112,010,000,000"
NaN,Communication Services,2025-12-31,"402,836,000,000","132,170,000,000"
NaN,Technology,2026-06-30,"331,839,000,000","133,749,000,000"
NaN,Technology,2026-01-31,"215,938,000,000","120,067,000,000"
NaN,Communication Services,2025-12-31,"200,966,000,000","60,458,000,000"
NaN,Financial Services,2025-12-31,"181,847,000,000","57,048,000,000"
NaN,Consumer Cyclical,2026-01-31,"164,683,000,000","14,156,000,000"
